La Rémunération,Le Lapin,Nomade,Travailleur nocturne,A moitié vide,K2000,non,Linux,Créatif,Instagram,La Rémunération,Le Canard,Sédentaire,Travailleur nocturne,A moitié plein,Dolorean,Oui,Windows,Créatif,LinkedIn
La Rémunération,Le Lapin,Nomade,Travailleur nocturne,A moitié vide,K2000,non,Linux,Créatif,Instagram,La Rémunération,Le Canard,Sédentaire,Travailleur diurne,A moitié plein,Dolorean,non,Linux,Pragmatique,Twitter
La Rémunération,Le Lapin,Nomade,Travailleur nocturne,A moitié vide,K2000,non,Linux,Créatif,Instagram,La Rémunération,Le Canard,Nomade,Travailleur diurne,A moitié plein,K2000,Oui,Mac Os,Pragmatique,LinkedIn
La Rémunération,Le Lapin,Nomade,Travailleur nocturne,A moitié vide,K2000,non,Linux,Créatif,Instagram,L'humain,Le Lapin,Nomade,Travailleur nocturne,A moitié plein,K2000,Pourquoi pas !,Papier-crayon,Créatif,Instagram
La Rémunération,Le Lapin,Nomade,Travailleur nocturne,A moitié vide,K2000,non,Linux,Créatif,Instagram,L'humain,Le Canard,Sédentaire,Travailleur diurne,A moitié plein,Dolorean,Pourquoi pas !,Papier-crayon,Créatif,LinkedIn
La Rémunération,Le Lapin,Nomade,Travailleur nocturne,A moitié vide,K2000,non,Linux,Créatif,Instagram,La Rémunération,Le Canard,Nomade,Travailleur diurne,A moitié plein,Dolorean,Pourquoi pas !,Linux,Pragmatique,Instagram
La Rémunération,Le Lapin,Nomade,Travailleur nocturne,A moitié vide,K2000,non,Linux,Créatif,Instagram,L'humain,Le Canard,Sédentaire,Travailleur nocturne,A moitié plein,K2000,Oui,Linux,Organisé,Facebook
La Rémunération,Le Lapin,Nomade,Travailleur nocturne,A moitié vide,K2000,non,Linux,Créatif,Instagram,Les Spécifications,Le Lapin,Nomade,Travailleur diurne,A moitié plein,Dolorean,Pourquoi pas !,Linux,Persévérant,Instagram
La Rémunération,Le Lapin,Nomade,Travailleur nocturne,A moitié vide,K2000,non,Linux,Créatif,Instagram,L'humain,Le Canard,Nomade,Travailleur nocturne,A moitié plein,Dolorean,Pourquoi pas !,Linux,Créatif,LinkedIn
La Rémunération,Le Lapin,Nomade,Travailleur nocturne,A moitié vide,K2000,non,Linux,Créatif,Instagram,Les Spécifications,Le Canard,Nomade,Travailleur nocturne,A moitié plein,K2000,Pourquoi pas !,Windows,Persévérant,LinkedIn
La Rémunération,Le Lapin,Nomade,Travailleur nocturne,A moitié vide,K2000,non,Linux,Créatif,Instagram,L'humain,Le Canard,Nomade,Travailleur nocturne,A moitié plein,Dolorean,Pourquoi pas !,Linux,Créatif,Instagram
La Rémunération,Le Lapin,Nomade,Travailleur nocturne,A moitié vide,K2000,non,Linux,Créatif,Instagram,Les Spécifications,Le Canard,Sédentaire,Travailleur diurne,A moitié plein,K2000,Oui,Linux,Organisé,Instagram
La Rémunération,Le Lapin,Nomade,Travailleur nocturne,A moitié vide,K2000,non,Linux,Créatif,Instagram,L'humain,Le Canard,Nomade,Travailleur diurne,A moitié vide,K2000,Oui,Mac Os,Créatif,Instagram
La Rémunération,Le Lapin,Nomade,Travailleur nocturne,A moitié vide,K2000,non,Linux,Créatif,Instagram,Les Technologies,Le Canard,Nomade,Travailleur nocturne,A moitié plein,Dolorean,Oui,Linux,Persévérant,Twitter
La Rémunération,Le Lapin,Nomade,Travailleur nocturne,A moitié vide,K2000,non,Linux,Créatif,Instagram,La Rémunération,Le Canard,Sédentaire,Travailleur diurne,A moitié plein,K2000,Oui,Mac Os,Persévérant,Twitter
La Rémunération,Le Lapin,Nomade,Travailleur nocturne,A moitié vide,K2000,non,Linux,Créatif,Instagram,Les Technologies,Le Canard,Nomade,Travailleur diurne,A moitié plein,K2000,Oui,Mac Os,Pragmatique,LinkedIn
